species,genus,family,species.relative,genus.relative
Alosa chrysochloris,Alosa,Clupeidae,,
Ictiobus bubalus,Ictiobus,Catostomidae,,
Morone mississippiensis,Morone,Moronidae,,
Acantharchus pomotis,Acantharchus,Centrarchidae,,
Acipenser fulvescens,Acipenser,Acipenseridae,,
Acrocheilus alutaceus,Acrocheilus,Cyprinidae,,
Agosia chrysogaster,Agosia,Cyprinidae,,
Alosa aestivalis,Alosa,Clupeidae,,
Ambloplites ariommus,Ambloplites,Centrarchidae,,
Ambloplites cavifrons,Ambloplites,Centrarchidae,,
Ambloplites constellatus,Ambloplites,Centrarchidae,,
Ambloplites rupestris,Ambloplites,Centrarchidae,,
Amblyopsis rosae,Amblyopsis,Amblyopsidae,,
Amblyopsis spelaea,Amblyopsis,Amblyopsidae,,
Ameiurus brunneus,Ameiurus,Ictaluridae,,
Ameiurus catus,Ameiurus,Ictaluridae
Ameiurus melas,Ameiurus,Ictaluridae
Ameiurus natalis,Ameiurus,Ictaluridae
Ameiurus nebulosus,Ameiurus,Ictaluridae
Ameiurus platycephalus,Ameiurus,Ictaluridae
Ameiurus serracanthus,Ameiurus,Ictaluridae
Amia calva,Amia,Amiidae
Ammocrypta beanii,Ammocrypta,Percidae
Ammocrypta bifascia,Ammocrypta,Percidae
Ammocrypta clara,Ammocrypta,Percidae
Ammocrypta meridiana,Ammocrypta,Percidae
Ammocrypta pellucida,Ammocrypta,Percidae
Ammocrypta vivax,Ammocrypta,Percidae
Aphredoderus sayanus,Aphredoderus,Aphredoderidae
Aplodinotus grunniens,Aplodinotus,Sciaenidae
Archoplites interruptus,Archoplites,Centrarchidae
Astyanax mexicanus,Astyanax,Characidae
Atractosteus spatula,Atractosteus,Lepisosteidae
Campostoma anomalum,Campostoma,Cyprinidae
Campostoma oligolepis,Campostoma,Cyprinidae
Campostoma ornatum,Campostoma,Cyprinidae
Campostoma pauciradii,Campostoma,Cyprinidae
Carpiodes carpio,Carpiodes,Catostomidae
Carpiodes cyprinus,Carpiodes,Catostomidae
Carpiodes velifer,Carpiodes,Catostomidae
Catostomus ardens,Catostomus,Catostomidae
Catostomus bernardini,Catostomus,Catostomidae
Catostomus catostomus,Catostomus,Catostomidae
Catostomus clarkii,Catostomus,Catostomidae
Catostomus columbianus,Catostomus,Catostomidae
Catostomus commersonii,Catostomus,Catostomidae
Catostomus discobolus,Catostomus,Catostomidae
Catostomus fumeiventris,Catostomus,Catostomidae
Catostomus insignis,Catostomus,Catostomidae
Catostomus latipinnis,Catostomus,Catostomidae
Catostomus macrocheilus,Catostomus,Catostomidae
Catostomus microps,Catostomus,Catostomidae
Catostomus occidentalis,Catostomus,Catostomidae
Catostomus platyrhynchus,Catostomus,Catostomidae
Catostomus plebeius,Catostomus,Catostomidae
Catostomus rimiculus,Catostomus,Catostomidae
Catostomus santaanae,Catostomus,Catostomidae
Catostomus snyderi,Catostomus,Catostomidae
Catostomus tahoensis,Catostomus,Catostomidae
Catostomus utawana,Catostomus,Catostomidae
Catostomus warnerensis,Catostomus,Catostomidae
Centrarchus macropterus,Centrarchus,Centrarchidae
Chasmistes brevirostris,Chasmistes,Catostomidae
Chasmistes cujus,Chasmistes,Catostomidae
Chasmistes liorus,Chasmistes,Catostomidae
Chasmistes muriei,Chasmistes,Catostomidae
Chologaster cornuta,Chologaster,Amblyopsidae
Chrosomus cumberlandensis,Chrosomus,Cyprinidae
Chrosomus erythrogaster,Chrosomus,Cyprinidae
Chrosomus tennesseensis,Chrosomus,Cyprinidae
Clinostomus elongatus,Clinostomus,Cyprinidae
Clinostomus funduloides,Clinostomus,Cyprinidae
Coregonus artedi,Coregonus,Salmonidae
Coregonus clupeaformis,Coregonus,Salmonidae
Coregonus hoyi,Coregonus,Salmonidae
Coregonus hubbsi,Coregonus,Salmonidae
Coregonus johannae,Coregonus,Salmonidae
Coregonus kiyi,Coregonus,Salmonidae
Coregonus nigripinnis,Coregonus,Salmonidae
Coregonus nipigon,Coregonus,Salmonidae
Coregonus reighardi,Coregonus,Salmonidae
Coregonus zenithicus,Coregonus,Salmonidae
Cottus aleuticus,Cottus,Cottidae
Cottus asper,Cottus,Cottidae
Cottus asperrimus,Cottus,Cottidae
Cottus baileyi,Cottus,Cottidae
Cottus bairdii,Cottus,Cottidae
Cottus beldingii,Cottus,Cottidae
Cottus bendirei,Cottus,Cottidae
Cottus caeruleomentum,Cottus,Cottidae
Cottus carolinae,Cottus,Cottidae
Cottus chattahoochee,Cottus,Cottidae
Cottus cognatus,Cottus,Cottidae
Cottus confusus,Cottus,Cottidae
Cottus echinatus,Cottus,Cottidae
Cottus extensus,Cottus,Cottidae
Cottus girardi,Cottus,Cottidae
Cottus greenei,Cottus,Cottidae
Cottus gulosus,Cottus,Cottidae
Cottus hypselurus,Cottus,Cottidae
Cottus klamathensis,Cottus,Cottidae
Cottus leiopomus,Cottus,Cottidae
Cottus marginatus,Cottus,Cottidae
Cottus paulus,Cottus,Cottidae
Cottus perplexus,Cottus,Cottidae
Cottus pitensis,Cottus,Cottidae
Cottus princeps,Cottus,Cottidae
Cottus rhotheus,Cottus,Cottidae
Cottus ricei,Cottus,Cottidae
Cottus tallapoosae,Cottus,Cottidae
Cottus tenuis,Cottus,Cottidae
Couesius plumbeus,Couesius,Cyprinidae
Crenichthys baileyi,Crenichthys,Goodeidae
Crenichthys nevadae,Crenichthys,Goodeidae
Crystallaria asprella,Crystallaria,Percidae
Crystallaria cincotta,Crystallaria,Percidae
Ctenogobius fasciatus,Ctenogobius,Gobiidae
Culaea inconstans,Culaea,Gasterosteidae
Cycleptus elongatus,Cycleptus,Catostomidae
Cycleptus meridionalis,Cycleptus,Catostomidae
Cyprinella analostana,Cyprinella,Cyprinidae
Cyprinella caerulea,Cyprinella,Cyprinidae
Cyprinella callisema,Cyprinella,Cyprinidae
Cyprinella callistia,Cyprinella,Cyprinidae
Cyprinella callitaenia,Cyprinella,Cyprinidae
Cyprinella camura,Cyprinella,Cyprinidae
Cyprinella chloristia,Cyprinella,Cyprinidae
Cyprinella formosa,Cyprinella,Cyprinidae
Cyprinella galactura,Cyprinella,Cyprinidae
Cyprinella gibbsi,Cyprinella,Cyprinidae
Cyprinella labrosa,Cyprinella,Cyprinidae
Cyprinella leedsi,Cyprinella,Cyprinidae
Cyprinella lepida,Cyprinella,Cyprinidae
Cyprinella lutrensis,Cyprinella,Cyprinidae
Cyprinella monacha,Cyprinella,Cyprinidae
Cyprinella nivea,Cyprinella,Cyprinidae
Cyprinella proserpina,Cyprinella,Cyprinidae
Cyprinella pyrrhomelas,Cyprinella,Cyprinidae
Cyprinella spiloptera,Cyprinella,Cyprinidae
Cyprinella trichroistia,Cyprinella,Cyprinidae
Cyprinella venusta,Cyprinella,Cyprinidae
Cyprinella whipplei,Cyprinella,Cyprinidae
Cyprinella xaenura,Cyprinella,Cyprinidae
Cyprinella zanema,Cyprinella,Cyprinidae
Cyprinodon arcuatus,Cyprinodon,Cyprinodontidae
Cyprinodon bovinus,Cyprinodon,Cyprinodontidae
Cyprinodon diabolis,Cyprinodon,Cyprinodontidae
Cyprinodon elegans,Cyprinodon,Cyprinodontidae
Cyprinodon eximius,Cyprinodon,Cyprinodontidae
Cyprinodon macularius,Cyprinodon,Cyprinodontidae
Cyprinodon nevadensis,Cyprinodon,Cyprinodontidae
Cyprinodon pecosensis,Cyprinodon,Cyprinodontidae
Cyprinodon radiosus,Cyprinodon,Cyprinodontidae
Cyprinodon rubrofluviatilis,Cyprinodon,Cyprinodontidae
Cyprinodon salinus,Cyprinodon,Cyprinodontidae
Cyprinodon tularosa,Cyprinodon,Cyprinodontidae
Dallia pectoralis,Dallia,Umbridae
Deltistes luxatus,Deltistes,Catostomidae
Dionda argentosa,Dionda,Cyprinidae
Dionda diaboli,Dionda,Cyprinidae
Dionda episcopa,Dionda,Cyprinidae
Dionda nigrotaeniata,Dionda,Cyprinidae
Dionda serena,Dionda,Cyprinidae
Dorosoma cepedianum,Dorosoma,Clupeidae
Dorosoma petenense,Dorosoma,Clupeidae
Elassoma alabamae,Elassoma,Elassomatidae
Elassoma boehlkei,Elassoma,Elassomatidae
Elassoma evergladei,Elassoma,Elassomatidae
Elassoma gilberti,Elassoma,Elassomatidae
Elassoma okatie,Elassoma,Elassomatidae
Elassoma okefenokee,Elassoma,Elassomatidae
Elassoma zonatum,Elassoma,Elassomatidae
Eleotris amblyopsis,Eleotris,Eleotridae
Empetrichthys latos,Empetrichthys,Goodeidae
Empetrichthys merriami,Empetrichthys,Goodeidae
Enneacanthus chaetodon,Enneacanthus,Centrarchidae
Enneacanthus gloriosus,Enneacanthus,Centrarchidae
Enneacanthus obesus,Enneacanthus,Centrarchidae
Eremichthys acros,Eremichthys,Cyprinidae
Ericymba amplamala,Ericymba,Cyprinidae
Erimystax cahni,Erimystax,Cyprinidae
Erimystax dissimilis,Erimystax,Cyprinidae
Erimystax harryi,Erimystax,Cyprinidae
Erimystax insignis,Erimystax,Cyprinidae
Erimyzon oblongus,Erimyzon,Catostomidae
Erimyzon sucetta,Erimyzon,Catostomidae
Erimyzon tenuis,Erimyzon,Catostomidae
Esox americanus,Esox,Esocidae
Esox lucius,Esox,Esocidae
Esox masquinongy,Esox,Esocidae
Etheostoma acuticeps,Etheostoma,Percidae
Etheostoma akatulo,Etheostoma,Percidae
Etheostoma aquali,Etheostoma,Percidae
Etheostoma artesiae,Etheostoma,Percidae
Etheostoma asprigene,Etheostoma,Percidae
Etheostoma baileyi,Etheostoma,Percidae
Etheostoma barbouri,Etheostoma,Percidae
Etheostoma barrenense,Etheostoma,Percidae
Etheostoma basilare,Etheostoma,Percidae
Etheostoma bellator,Etheostoma,Percidae
Etheostoma bellum,Etheostoma,Percidae
Etheostoma bison,Etheostoma,Percidae
Etheostoma blennioides,Etheostoma,Percidae
Etheostoma blennius,Etheostoma,Percidae
Etheostoma boschungi,Etheostoma,Percidae
Etheostoma brevirostrum,Etheostoma,Percidae
Etheostoma brevispinum,Etheostoma,Percidae
Etheostoma burri,Etheostoma,Percidae
Etheostoma caeruleum,Etheostoma,Percidae
Etheostoma camurum,Etheostoma,Percidae
Etheostoma cervus,Etheostoma,Percidae
Etheostoma chermocki,Etheostoma,Percidae
Etheostoma chienense,Etheostoma,Percidae
Etheostoma chlorobranchium,Etheostoma,Percidae
Etheostoma chlorosomum,Etheostoma,Percidae
Etheostoma chuckwachatte,Etheostoma,Percidae
Etheostoma cinereum,Etheostoma,Percidae
Etheostoma collettei,Etheostoma,Percidae
Etheostoma collis,Etheostoma,Percidae
Etheostoma colorosum,Etheostoma,Percidae
Etheostoma coosae,Etheostoma,Percidae
Etheostoma corona,Etheostoma,Percidae
Etheostoma cragini,Etheostoma,Percidae
Etheostoma crossopterum,Etheostoma,Percidae
Etheostoma davisoni,Etheostoma,Percidae
Etheostoma denoncourti,Etheostoma,Percidae
Etheostoma derivativum,Etheostoma,Percidae
Etheostoma ditrema,Etheostoma,Percidae
Etheostoma douglasi,Etheostoma,Percidae
Etheostoma duryi,Etheostoma,Percidae
Etheostoma edwini,Etheostoma,Percidae
Etheostoma etnieri,Etheostoma,Percidae
Etheostoma etowahae,Etheostoma,Percidae
Etheostoma euzonum,Etheostoma,Percidae
Etheostoma exile,Etheostoma,Percidae
Etheostoma flabellare,Etheostoma,Percidae
Etheostoma flavum,Etheostoma,Percidae
Etheostoma fonticola,Etheostoma,Percidae
Etheostoma forbesi,Etheostoma,Percidae
Etheostoma fragi,Etheostoma,Percidae
Etheostoma fricksium,Etheostoma,Percidae
Etheostoma fusiforme,Etheostoma,Percidae
Etheostoma gracile,Etheostoma,Percidae
Etheostoma grahami,Etheostoma,Percidae
Etheostoma gutselli,Etheostoma,Percidae
Etheostoma histrio,Etheostoma,Percidae
Etheostoma hopkinsi,Etheostoma,Percidae
Etheostoma inscriptum,Etheostoma,Percidae
Etheostoma jessiae,Etheostoma,Percidae
Etheostoma jordani,Etheostoma,Percidae
Etheostoma juliae,Etheostoma,Percidae
Etheostoma kanawhae,Etheostoma,Percidae
Etheostoma kantuckeense,Etheostoma,Percidae
Etheostoma kennicotti,Etheostoma,Percidae
Etheostoma lachneri,Etheostoma,Percidae
Etheostoma lawrencei,Etheostoma,Percidae
Etheostoma lemniscatum,Etheostoma,Percidae
Etheostoma lepidum,Etheostoma,Percidae
Etheostoma longimanum,Etheostoma,Percidae
Etheostoma luteovinctum,Etheostoma,Percidae
Etheostoma lynceum,Etheostoma,Percidae
Etheostoma maculatum,Etheostoma,Percidae
Etheostoma mariae,Etheostoma,Percidae
Etheostoma marmorpinnum,Etheostoma,Percidae
Etheostoma meadiae,Etheostoma,Percidae
Etheostoma microlepidus,Etheostoma,Percidae
Etheostoma microperca,Etheostoma,Percidae
Etheostoma moorei,Etheostoma,Percidae
Etheostoma neopterum,Etheostoma,Percidae
Etheostoma nianguae,Etheostoma,Percidae
Etheostoma nigripinne,Etheostoma,Percidae
Etheostoma nigrum,Etheostoma,Percidae
Etheostoma nuchale,Etheostoma,Percidae
Etheostoma obeyense,Etheostoma,Percidae
Etheostoma okaloosae,Etheostoma,Percidae
Etheostoma olivaceum,Etheostoma,Percidae
Etheostoma olmstedi,Etheostoma,Percidae
Etheostoma oophylax,Etheostoma,Percidae
Etheostoma osburni,Etheostoma,Percidae
Etheostoma pallididorsum,Etheostoma,Percidae
Etheostoma parvipinne,Etheostoma,Percidae
Etheostoma percnurum,Etheostoma,Percidae
Etheostoma perlongum,Etheostoma,Percidae
Etheostoma phytophilum,Etheostoma,Percidae
Etheostoma podostemone,Etheostoma,Percidae
Etheostoma proeliare,Etheostoma,Percidae
Etheostoma pseudovulatum,Etheostoma,Percidae
Etheostoma punctulatum,Etheostoma,Percidae
Etheostoma pyrrhogaster,Etheostoma,Percidae
Etheostoma radiosum,Etheostoma,Percidae
Etheostoma rafinesquei,Etheostoma,Percidae
Etheostoma ramseyi,Etheostoma,Percidae
Etheostoma raneyi,Etheostoma,Percidae
Etheostoma rubrum,Etheostoma,Percidae
Etheostoma rufilineatum,Etheostoma,Percidae
Etheostoma rupestre,Etheostoma,Percidae
Etheostoma sagitta,Etheostoma,Percidae
Etheostoma sanguifluum,Etheostoma,Percidae
Etheostoma scotti,Etheostoma,Percidae
Etheostoma sellare,Etheostoma,Percidae
Etheostoma serrifer,Etheostoma,Percidae
Etheostoma simoterum,Etheostoma,Percidae
Etheostoma sitikuense,Etheostoma,Percidae
Etheostoma smithi,Etheostoma,Percidae
Etheostoma spectabile,Etheostoma,Percidae
Etheostoma squamiceps,Etheostoma,Percidae
Etheostoma stigmaeum,Etheostoma,Percidae
Etheostoma striatulum,Etheostoma,Percidae
Etheostoma susanae,Etheostoma,Percidae
Etheostoma swaini,Etheostoma,Percidae
Etheostoma swannanoa,Etheostoma,Percidae
Etheostoma tallapoosae,Etheostoma,Percidae
Etheostoma tecumsehi,Etheostoma,Percidae
Etheostoma tetrazonum,Etheostoma,Percidae
Etheostoma thalassinum,Etheostoma,Percidae
Etheostoma tippecanoe,Etheostoma,Percidae
Etheostoma trisella,Etheostoma,Percidae
Etheostoma tuscumbia,Etheostoma,Percidae
Etheostoma uniporum,Etheostoma,Percidae
Etheostoma variatum,Etheostoma,Percidae
Etheostoma virgatum,Etheostoma,Percidae
Etheostoma vulneratum,Etheostoma,Percidae
Etheostoma wapiti,Etheostoma,Percidae
Etheostoma whipplei,Etheostoma,Percidae
Etheostoma zonale,Etheostoma,Percidae
Etheostoma zonifer,Etheostoma,Percidae
Etheostoma zonistium,Etheostoma,Percidae
Exoglossum laurae,Exoglossum,Cyprinidae
Exoglossum maxillingua,Exoglossum,Cyprinidae
Forbesichthys agassizii,Forbesichthys,Amblyopsidae
Fundulus albolineatus,Fundulus,Fundulidae
Fundulus bifax,Fundulus,Fundulidae
Fundulus blairae,Fundulus,Fundulidae
Fundulus catenatus,Fundulus,Fundulidae
Fundulus chrysotus,Fundulus,Fundulidae
Fundulus cingulatus,Fundulus,Fundulidae
Fundulus dispar,Fundulus,Fundulidae
Fundulus escambiae,Fundulus,Fundulidae
Fundulus euryzonus,Fundulus,Fundulidae
Fundulus jenkinsi,Fundulus,Fundulidae
Fundulus julisia,Fundulus,Fundulidae
Fundulus kansae,Fundulus,Fundulidae
Fundulus lineolatus,Fundulus,Fundulidae
Fundulus notatus,Fundulus,Fundulidae
Fundulus nottii,Fundulus,Fundulidae
Fundulus olivaceus,Fundulus,Fundulidae
Fundulus rubrifrons,Fundulus,Fundulidae
Fundulus sciadicus,Fundulus,Fundulidae
Fundulus seminolis,Fundulus,Fundulidae
Fundulus stellifer,Fundulus,Fundulidae
Fundulus waccamensis,Fundulus,Fundulidae
Fundulus zebrinus,Fundulus,Fundulidae
Gambusia amistadensis,Gambusia,Poeciliidae
Gambusia clarkhubbsi,Gambusia,Poeciliidae
Gambusia gaigei,Gambusia,Poeciliidae
Gambusia geiseri,Gambusia,Poeciliidae
Gambusia georgei,Gambusia,Poeciliidae
Gambusia heterochir,Gambusia,Poeciliidae
Gambusia holbrooki,Gambusia,Poeciliidae
Gambusia nobilis,Gambusia,Poeciliidae
Gambusia senilis,Gambusia,Poeciliidae
Gambusia speciosa,Gambusia,Poeciliidae
Gila atraria,Gila,Cyprinidae
Gila bicolor,Gila,Cyprinidae
Gila coerulea,Gila,Cyprinidae
Gila crassicauda,Gila,Cyprinidae
Gila cypha,Gila,Cyprinidae
Gila ditaenia,Gila,Cyprinidae
Gila elegans,Gila,Cyprinidae
Gila intermedia,Gila,Cyprinidae
Gila nigra,Gila,Cyprinidae
Gila nigrescens,Gila,Cyprinidae
Gila orcuttii,Gila,Cyprinidae
Gila pandora,Gila,Cyprinidae
Gila purpurea,Gila,Cyprinidae
Gila robusta,Gila,Cyprinidae
Gila seminuda,Gila,Cyprinidae
Hemitremia flammea,Hemitremia,Cyprinidae
Hiodon alosoides,Hiodon,Hiodontidae
Hiodon tergisus,Hiodon,Hiodontidae
Hybognathus amarus,Hybognathus,Cyprinidae
Hybognathus argyritis,Hybognathus,Cyprinidae
Hybognathus hankinsoni,Hybognathus,Cyprinidae
Hybognathus hayi,Hybognathus,Cyprinidae
Hybognathus nuchalis,Hybognathus,Cyprinidae
Hybognathus placitus,Hybognathus,Cyprinidae
Hybognathus regius,Hybognathus,Cyprinidae
Hybopsis amblops,Hybopsis,Cyprinidae
Hybopsis amnis,Hybopsis,Cyprinidae
Hybopsis hypsinotus,Hybopsis,Cyprinidae
Hybopsis lineapunctata,Hybopsis,Cyprinidae
Hybopsis rubrifrons,Hybopsis,Cyprinidae
Hybopsis winchelli,Hybopsis,Cyprinidae
Hypentelium etowanum,Hypentelium,Catostomidae
Hypentelium nigricans,Hypentelium,Catostomidae
Hypentelium roanokense,Hypentelium,Catostomidae
Hypomesus olidus,Hypomesus,Osmeridae
Hysterocarpus traskii,Hysterocarpus,Embiotocidae
Ictalurus furcatus,Ictalurus,Ictaluridae
Ictalurus lupus,Ictalurus,Ictaluridae
Ictalurus pricei,Ictalurus,Ictaluridae
Ictalurus punctatus,Ictalurus,Ictaluridae
Ictiobus cyprinellus,Ictiobus,Catostomidae
Ictiobus niger,Ictiobus,Catostomidae
Iotichthys phlegethontis,Iotichthys,Cyprinidae
Jordanella floridae,Jordanella,Cyprinodontidae
Labidesthes sicculus,Labidesthes,Atherinopsidae
Lavinia exilicauda,Lavinia,Cyprinidae
Lepidomeda aliciae,Lepidomeda,Cyprinidae
Lepidomeda copei,Lepidomeda,Cyprinidae
Lepidomeda mollispinis,Lepidomeda,Cyprinidae
Lepidomeda vittata,Lepidomeda,Cyprinidae
Lepisosteus oculatus,Lepisosteus,Lepisosteidae
Lepisosteus osseus,Lepisosteus,Lepisosteidae
Lepisosteus platostomus,Lepisosteus,Lepisosteidae
Lepisosteus platyrhincus,Lepisosteus,Lepisosteidae
Lepomis auritus,Lepomis,Centrarchidae
Lepomis cyanellus,Lepomis,Centrarchidae
Lepomis gibbosus,Lepomis,Centrarchidae
Lepomis gulosus,Lepomis,Centrarchidae
Lepomis humilis,Lepomis,Centrarchidae
Lepomis macrochirus,Lepomis,Centrarchidae
Lepomis marginatus,Lepomis,Centrarchidae
Lepomis megalotis,Lepomis,Centrarchidae
Lepomis microlophus,Lepomis,Centrarchidae
Lepomis miniatus,Lepomis,Centrarchidae
Lepomis punctatus,Lepomis,Centrarchidae
Lepomis symmetricus,Lepomis,Centrarchidae
Leptolucania ommata,Leptolucania,Fundulidae
Lucania parva,Lucania,Fundulidae
Luxilus albeolus,Luxilus,Cyprinidae
Luxilus cardinalis,Luxilus,Cyprinidae
Luxilus cerasinus,Luxilus,Cyprinidae
Luxilus chrysocephalus,Luxilus,Cyprinidae
Luxilus coccogenis,Luxilus,Cyprinidae
Luxilus cornutus,Luxilus,Cyprinidae
Luxilus pilsbryi,Luxilus,Cyprinidae
Luxilus zonatus,Luxilus,Cyprinidae
Luxilus zonistius,Luxilus,Cyprinidae
Lythrurus alegnotus,Lythrurus,Cyprinidae
Lythrurus ardens,Lythrurus,Cyprinidae
Lythrurus atrapiculus,Lythrurus,Cyprinidae
Lythrurus bellus,Lythrurus,Cyprinidae
Lythrurus fasciolaris,Lythrurus,Cyprinidae
Lythrurus fumeus,Lythrurus,Cyprinidae
Lythrurus lirus,Lythrurus,Cyprinidae
Lythrurus matutinus,Lythrurus,Cyprinidae
Lythrurus roseipinnis,Lythrurus,Cyprinidae
Lythrurus snelsoni,Lythrurus,Cyprinidae
Lythrurus umbratilis,Lythrurus,Cyprinidae
Macrhybopsis aestivalis,Macrhybopsis,Cyprinidae
Macrhybopsis australis,Macrhybopsis,Cyprinidae
Macrhybopsis gelida,Macrhybopsis,Cyprinidae
Macrhybopsis hyostoma,Macrhybopsis,Cyprinidae
Macrhybopsis marconis,Macrhybopsis,Cyprinidae
Macrhybopsis meeki,Macrhybopsis,Cyprinidae
Macrhybopsis storeriana,Macrhybopsis,Cyprinidae
Macrhybopsis tetranema,Macrhybopsis,Cyprinidae
Margariscus margarita,Margariscus,Cyprinidae
Meda fulgida,Meda,Cyprinidae
Menidia beryllina,Menidia,Atherinopsidae
Menidia extensa,Menidia,Atherinopsidae
Micropterus cataractae,Micropterus,Centrarchidae
Micropterus coosae,Micropterus,Centrarchidae
Micropterus dolomieu,Micropterus,Centrarchidae
Micropterus notius,Micropterus,Centrarchidae
Micropterus punctulatus,Micropterus,Centrarchidae
Micropterus salmoides,Micropterus,Centrarchidae
Micropterus treculii,Micropterus,Centrarchidae
Minytrema melanops,Minytrema,Catostomidae
Moapa coriacea,Moapa,Cyprinidae
Morone chrysops,Morone,Moronidae
Moxostoma anisurum,Moxostoma,Catostomidae
Moxostoma ariommum,Moxostoma,Catostomidae
Moxostoma austrinum,Moxostoma,Catostomidae
Moxostoma breviceps,Moxostoma,Catostomidae
Moxostoma carinatum,Moxostoma,Catostomidae
Moxostoma cervinum,Moxostoma,Catostomidae
Moxostoma collapsum,Moxostoma,Catostomidae
Moxostoma congestum,Moxostoma,Catostomidae
Moxostoma duquesnii,Moxostoma,Catostomidae
Moxostoma erythrurum,Moxostoma,Catostomidae
Moxostoma hubbsi,Moxostoma,Catostomidae
Moxostoma lacerum,Moxostoma,Catostomidae
Moxostoma lachneri,Moxostoma,Catostomidae
Moxostoma macrolepidotum,Moxostoma,Catostomidae
Moxostoma pappillosum,Moxostoma,Catostomidae
Moxostoma pisolabrum,Moxostoma,Catostomidae
Moxostoma poecilurum,Moxostoma,Catostomidae
Moxostoma robustum,Moxostoma,Catostomidae
Moxostoma rupiscartes,Moxostoma,Catostomidae
Moxostoma valenciennesi,Moxostoma,Catostomidae
Mylocheilus caurinus,Mylocheilus,Cyprinidae
Myoxocephalus thompsonii,Myoxocephalus,Cottidae
Nocomis asper,Nocomis,Cyprinidae
Nocomis biguttatus,Nocomis,Cyprinidae
Nocomis effusus,Nocomis,Cyprinidae
Nocomis leptocephalus,Nocomis,Cyprinidae
Nocomis micropogon,Nocomis,Cyprinidae
Nocomis platyrhynchus,Nocomis,Cyprinidae
Nocomis raneyi,Nocomis,Cyprinidae
Notemigonus crysoleucas,Notemigonus,Cyprinidae
Notropis albizonatus,Notropis,Cyprinidae
Notropis alborus,Notropis,Cyprinidae
Notropis altipinnis,Notropis,Cyprinidae
Notropis amabilis,Notropis,Cyprinidae
Notropis ammophilus,Notropis,Cyprinidae
Notropis amoenus,Notropis,Cyprinidae
Notropis anogenus,Notropis,Cyprinidae
Notropis ariommus,Notropis,Cyprinidae
Notropis asperifrons,Notropis,Cyprinidae
Notropis atherinoides,Notropis,Cyprinidae
Notropis atrocaudalis,Notropis,Cyprinidae
Notropis baileyi,Notropis,Cyprinidae
Notropis bairdi,Notropis,Cyprinidae
Notropis bifrenatus,Notropis,Cyprinidae
Notropis blennius,Notropis,Cyprinidae
Notropis boops,Notropis,Cyprinidae
Notropis buccatus,Notropis,Cyprinidae
Notropis buccula,Notropis,Cyprinidae
Notropis buchanani,Notropis,Cyprinidae
Notropis cahabae,Notropis,Cyprinidae
Notropis candidus,Notropis,Cyprinidae
Notropis chalybaeus,Notropis,Cyprinidae
Notropis chihuahua,Notropis,Cyprinidae
Notropis chiliticus,Notropis,Cyprinidae
Notropis chlorocephalus,Notropis,Cyprinidae
Notropis chrosomus,Notropis,Cyprinidae
Notropis cummingsae,Notropis,Cyprinidae
Notropis dorsalis,Notropis,Cyprinidae
Notropis edwardraneyi,Notropis,Cyprinidae
Notropis girardi,Notropis,Cyprinidae
Notropis greenei,Notropis,Cyprinidae
Notropis heterodon,Notropis,Cyprinidae
Notropis heterolepis,Notropis,Cyprinidae
Notropis hudsonius,Notropis,Cyprinidae
Notropis hypsilepis,Notropis,Cyprinidae
Notropis jemezanus,Notropis,Cyprinidae
Notropis leuciodus,Notropis,Cyprinidae
Notropis longirostris,Notropis,Cyprinidae
Notropis lutipinnis,Notropis,Cyprinidae
Notropis maculatus,Notropis,Cyprinidae
Notropis mekistocholas,Notropis,Cyprinidae
Notropis melanostomus,Notropis,Cyprinidae
Notropis micropteryx,Notropis,Cyprinidae
Notropis nubilus,Notropis,Cyprinidae
Notropis orca,Notropis,Cyprinidae
Notropis ortenburgeri,Notropis,Cyprinidae
Notropis oxyrhynchus,Notropis,Cyprinidae
Notropis ozarcanus,Notropis,Cyprinidae
Notropis percobromus,Notropis,Cyprinidae
Notropis perpallidus,Notropis,Cyprinidae
Notropis petersoni,Notropis,Cyprinidae
Notropis photogenis,Notropis,Cyprinidae
Notropis potteri,Notropis,Cyprinidae
Notropis procne,Notropis,Cyprinidae
Notropis rafinesquei,Notropis,Cyprinidae
Notropis rubellus,Notropis,Cyprinidae
Notropis rubricroceus,Notropis,Cyprinidae
Notropis rupestris,Notropis,Cyprinidae
Notropis sabinae,Notropis,Cyprinidae
Notropis scabriceps,Notropis,Cyprinidae
Notropis scepticus,Notropis,Cyprinidae
Notropis semperasper,Notropis,Cyprinidae
Notropis shumardi,Notropis,Cyprinidae
Notropis simus,Notropis,Cyprinidae
Notropis spectrunculus,Notropis,Cyprinidae
Notropis stilbius,Notropis,Cyprinidae
Notropis stramineus,Notropis,Cyprinidae
Notropis suttkusi,Notropis,Cyprinidae
Notropis telescopus,Notropis,Cyprinidae
Notropis texanus,Notropis,Cyprinidae
Notropis topeka,Notropis,Cyprinidae
Notropis uranoscopus,Notropis,Cyprinidae
Notropis volucellus,Notropis,Cyprinidae
Notropis wickliffi,Notropis,Cyprinidae
Notropis xaenocephalus,Notropis,Cyprinidae
Noturus albater,Noturus,Ictaluridae
Noturus baileyi,Noturus,Ictaluridae
Noturus crypticus,Noturus,Ictaluridae
Noturus elegans,Noturus,Ictaluridae
Noturus eleutherus,Noturus,Ictaluridae
Noturus exilis,Noturus,Ictaluridae
Noturus fasciatus,Noturus,Ictaluridae
Noturus flavater,Noturus,Ictaluridae
Noturus flavipinnis,Noturus,Ictaluridae
Noturus flavus,Noturus,Ictaluridae
Noturus funebris,Noturus,Ictaluridae
Noturus furiosus,Noturus,Ictaluridae
Noturus gilberti,Noturus,Ictaluridae
Noturus gladiator,Noturus,Ictaluridae
Noturus gyrinus,Noturus,Ictaluridae
Noturus hildebrandi,Noturus,Ictaluridae
Noturus insignis,Noturus,Ictaluridae
Noturus lachneri,Noturus,Ictaluridae
Noturus leptacanthus,Noturus,Ictaluridae
Noturus maydeni,Noturus,Ictaluridae
Noturus miurus,Noturus,Ictaluridae
Noturus munitus,Noturus,Ictaluridae
Noturus nocturnus,Noturus,Ictaluridae
Noturus phaeus,Noturus,Ictaluridae
Noturus placidus,Noturus,Ictaluridae
Noturus stanauli,Noturus,Ictaluridae
Noturus stigmosus,Noturus,Ictaluridae
Noturus taylori,Noturus,Ictaluridae
Noturus trautmani,Noturus,Ictaluridae
Novumbra hubbsi,Novumbra,Umbridae
Oncorhynchus gilae,Oncorhynchus,Salmonidae
Opsopoeodus emiliae,Opsopoeodus,Cyprinidae
Oregonichthys crameri,Oregonichthys,Cyprinidae
Oregonichthys kalawatseti,Oregonichthys,Cyprinidae
Orthodon microlepidotus,Orthodon,Cyprinidae
Pararhinichthys bowersi,Pararhinichthys,Cyprinidae
Perca flavescens,Perca,Percidae
Percina antesella,Percina,Percidae
Percina aurantiaca,Percina,Percidae
Percina aurolineata,Percina,Percidae
Percina aurora,Percina,Percidae
Percina austroperca,Percina,Percidae
Percina brevicauda,Percina,Percidae
Percina burtoni,Percina,Percidae
Percina caprodes,Percina,Percidae
Percina carbonaria,Percina,Percidae
Percina copelandi,Percina,Percidae
Percina crassa,Percina,Percidae
Percina cymatotaenia,Percina,Percidae
Percina evides,Percina,Percidae
Percina fulvitaenia,Percina,Percidae
Percina gymnocephala,Percina,Percidae
Percina jenkinsi,Percina,Percidae
Percina kathae,Percina,Percidae
Percina kusha,Percina,Percidae
Percina lenticula,Percina,Percidae
Percina macrocephala,Percina,Percidae
Percina macrolepida,Percina,Percidae
Percina maculata,Percina,Percidae
Percina nasuta,Percina,Percidae
Percina nevisense,Percina,Percidae
Percina nigrofasciata,Percina,Percidae
Percina notogramma,Percina,Percidae
Percina oxyrhynchus,Percina,Percidae
Percina palmaris,Percina,Percidae
Percina pantherina,Percina,Percidae
Percina peltata,Percina,Percidae
Percina phoxocephala,Percina,Percidae
Percina rex,Percina,Percidae
Percina roanoka,Percina,Percidae
Percina sciera,Percina,Percidae
Percina shumardi,Percina,Percidae
Percina sipsi,Percina,Percidae
Percina smithvanizi,Percina,Percidae
Percina squamata,Percina,Percidae
Percina stictogaster,Percina,Percidae
Percina suttkusi,Percina,Percidae
Percina tanasi,Percina,Percidae
Percina uranidea,Percina,Percidae
Percina vigil,Percina,Percidae
Percina williamsi,Percina,Percidae
Percopsis omiscomaycus,Percopsis,Percopsidae
Percopsis transmontana,Percopsis,Percopsidae
Phenacobius catostomus,Phenacobius,Cyprinidae
Phenacobius crassilabrum,Phenacobius,Cyprinidae
Phenacobius mirabilis,Phenacobius,Cyprinidae
Phenacobius teretulus,Phenacobius,Cyprinidae
Phenacobius uranops,Phenacobius,Cyprinidae
Phoxinus saylori,Phoxinus,Cyprinidae
Pimephales notatus,Pimephales,Cyprinidae
Pimephales promelas,Pimephales,Cyprinidae
Pimephales tenellus,Pimephales,Cyprinidae
Pimephales vigilax,Pimephales,Cyprinidae
Plagopterus argentissimus,Plagopterus,Cyprinidae
Platygobio gracilis,Platygobio,Cyprinidae
Poecilia formosa,Poecilia,Poeciliidae
Poeciliopsis occidentalis,Poeciliopsis,Poeciliidae
Pogonichthys ciscoides,Pogonichthys,Cyprinidae
Pogonichthys macrolepidotus,Pogonichthys,Cyprinidae
Polyodon spathula,Polyodon,Polyodontidae
Pomoxis annularis,Pomoxis,Centrarchidae
Pomoxis nigromaculatus,Pomoxis,Centrarchidae
Prosopium abyssicola,Prosopium,Salmonidae
Prosopium coulterii,Prosopium,Salmonidae
Prosopium cylindraceum,Prosopium,Salmonidae
Prosopium gemmifer,Prosopium,Salmonidae
Prosopium spilonotus,Prosopium,Salmonidae
Prosopium williamsoni,Prosopium,Salmonidae
Pteronotropis euryzonus,Pteronotropis,Cyprinidae
Pteronotropis grandipinnis,Pteronotropis,Cyprinidae
Pteronotropis harperi,Pteronotropis,Cyprinidae
Pteronotropis hubbsi,Pteronotropis,Cyprinidae
Pteronotropis hypselopterus,Pteronotropis,Cyprinidae
Pteronotropis merlini,Pteronotropis,Cyprinidae
Pteronotropis metallicus,Pteronotropis,Cyprinidae
Pteronotropis signipinnis,Pteronotropis,Cyprinidae
Pteronotropis stonei,Pteronotropis,Cyprinidae
Pteronotropis welaka,Pteronotropis,Cyprinidae
Ptychocheilus grandis,Ptychocheilus,Cyprinidae
Ptychocheilus lucius,Ptychocheilus,Cyprinidae
Ptychocheilus oregonensis,Ptychocheilus,Cyprinidae
Ptychocheilus umpquae,Ptychocheilus,Cyprinidae
Pylodictis olivaris,Pylodictis,Ictaluridae
Relictus solitarius,Relictus,Cyprinidae
Rhinichthys atratulus,Rhinichthys,Cyprinidae
Rhinichthys cataractae,Rhinichthys,Cyprinidae
Rhinichthys cobitis,Rhinichthys,Cyprinidae
Rhinichthys deaconi,Rhinichthys,Cyprinidae
Rhinichthys evermanni,Rhinichthys,Cyprinidae
Rhinichthys falcatus,Rhinichthys,Cyprinidae
Rhinichthys obtusus,Rhinichthys,Cyprinidae
Rhinichthys osculus,Rhinichthys,Cyprinidae
Rhinichthys umatilla,Rhinichthys,Cyprinidae
Richardsonius balteatus,Richardsonius,Cyprinidae
Richardsonius egregius,Richardsonius,Cyprinidae
Salvelinus agassizii,Salvelinus,Salmonidae
Salvelinus namaycush,Salvelinus,Salmonidae
Sander canadensis,Sander,Percidae
Sander vitreus,Sander,Percidae
Satan eurystomus,Satan,Ictaluridae
Scaphirhynchus albus,Scaphirhynchus,Acipenseridae
Scaphirhynchus platorynchus,Scaphirhynchus,Acipenseridae
Scaphirhynchus suttkusi,Scaphirhynchus,Acipenseridae
Semotilus atromaculatus,Semotilus,Cyprinidae
Semotilus corporalis,Semotilus,Cyprinidae
Semotilus lumbee,Semotilus,Cyprinidae
Semotilus thoreauianus,Semotilus,Cyprinidae
Siphateles alvordensis,Siphateles,Cyprinidae
Siphateles boraxobius,Siphateles,Cyprinidae
Speoplatyrhinus poulsoni,Speoplatyrhinus,Amblyopsidae
Strongylura marina,Strongylura,Belonidae
Syngnathus scovelli,Syngnathus,Syngnathidae
Thoburnia atripinnis,Thoburnia,Catostomidae
Thoburnia hamiltoni,Thoburnia,Catostomidae
Thoburnia rhothoeca,Thoburnia,Catostomidae
Thymallus arcticus,Thymallus,Salmonidae
Trinectes maculatus,Trinectes,Achiridae
Trogloglanis pattersoni,Trogloglanis,Ictaluridae
Typhlichthys subterraneus,Typhlichthys,Amblyopsidae
Umbra limi,Umbra,Umbridae
Umbra pygmaea,Umbra,Umbridae
Xyrauchen texanus,Xyrauchen,Catostomidae
Chrosomus oreas,Chrosomus,Cyprinidae
Herichthys cyanoguttatus,Herichthys,Cichlidae
Hesperoleucus symmetricus,Hesperoleucus,Cyprinidae
Lepidomeda albivallis,Lepidomeda,Cyprinidae
Coregonus alpenae,Coregonus,Salmonidae
Cyprinodon eremus,Cyprinodon,Cyprinodontidae
Erimystax x-punctatus,Erimystax,Cyprinidae
Mylopharodon conocephalus,Mylopharodon,Cyprinidae
Chrosomus eos,Chrosomus,Cyprinidae
Phoxinus neogaeus,Phoxinus,Cyprinidae
